[{"text": "instagram", "category": "Social Media", "timestamp": "2025-07-14T17:11:40.861002"}, {"text": "phone", "category": "Phone Call", "timestamp": "2025-07-14T17:11:50.800582"}, {"text": "game", "category": "Other", "timestamp": "2025-07-14T17:11:54.780038"}, {"text": "chattinh", "category": "Other", "timestamp": "2025-07-14T17:12:02.139616"}, {"text": "snapchat", "category": "Other", "timestamp": "2025-07-14T17:12:08.089495"}, {"text": "youtube", "category": "Social Media", "timestamp": "2025-07-14T17:12:18.073882"}, {"text": "game", "category": "Other", "timestamp": "2025-07-14T17:17:02.014092"}, {"text": "pubj", "category": "Other", "timestamp": "2025-07-14T17:17:10.158898"}, {"text": "instagram", "category": "Social Media", "timestamp": "2025-07-14T17:17:16.486820"}, {"text": "hyoutube", "category": "Social Media", "timestamp": "2025-07-14T17:17:21.260233"}, {"text": "facebook", "category": "Social Media", "timestamp": "2025-07-14T17:17:27.452882"}, {"text": "Game ", "category": "Other", "timestamp": "2025-07-14T17:48:49.092042"}, {"text": "chatting phone call", "category": "Phone Call", "timestamp": "2025-07-14T17:49:07.977198"}, {"text": "netflix", "category": "Browsing", "timestamp": "2025-07-14T17:49:15.359159"}, {"text": "google", "category": "Browsing", "timestamp": "2025-07-14T17:49:21.234480"}, {"text": "reddif", "category": "Other", "timestamp": "2025-07-14T17:49:27.668632"}, {"text": "amazon", "category": "Other", "timestamp": "2025-07-14T17:49:55.132347"}, {"text": "amazon prime", "category": "Browsing", "timestamp": "2025-07-14T17:50:02.752488"}]